2025-11-01 21:37:27,412 p=50281 u=andysilv n=ansible | PLAY [localhost] *****************************************************************************************************************************************************************************************************************************
2025-11-01 21:37:27,413 p=50281 u=andysilv n=ansible | skipping: no hosts matched
2025-11-01 21:37:27,413 p=50281 u=andysilv n=ansible | PLAY [freenove] ******************************************************************************************************************************************************************************************************************************
2025-11-01 21:37:27,420 p=50281 u=andysilv n=ansible | TASK [Gathering Facts] ***********************************************************************************************************************************************************************************************************************
2025-11-01 21:37:29,992 p=50281 u=andysilv n=ansible | ok: [freenove]
2025-11-01 21:37:30,004 p=50281 u=andysilv n=ansible | TASK [Get async_server PIDs] *****************************************************************************************************************************************************************************************************************
2025-11-01 21:37:30,916 p=50281 u=andysilv n=ansible | ok: [freenove]
2025-11-01 21:37:30,921 p=50281 u=andysilv n=ansible | TASK [Kill async_server if running] **********************************************************************************************************************************************************************************************************
2025-11-01 21:37:30,936 p=50281 u=andysilv n=ansible | skipping: [freenove]
2025-11-01 21:37:30,940 p=50281 u=andysilv n=ansible | TASK [Creates logs dir if not exists] ********************************************************************************************************************************************************************************************************
2025-11-01 21:37:31,755 p=50281 u=andysilv n=ansible | ok: [freenove]
2025-11-01 21:37:31,761 p=50281 u=andysilv n=ansible | TASK [Run server] ****************************************************************************************************************************************************************************************************************************
2025-11-01 21:37:32,568 p=50281 u=andysilv n=ansible | skipping: [freenove]
2025-11-01 21:37:32,573 p=50281 u=andysilv n=ansible | TASK [Run web gateway] ***********************************************************************************************************************************************************************************************************************
2025-11-01 21:37:33,330 p=50281 u=andysilv n=ansible | skipping: [freenove]
2025-11-01 21:37:33,346 p=50281 u=andysilv n=ansible | PLAY RECAP ***********************************************************************************************************************************************************************************************************************************
2025-11-01 21:37:33,346 p=50281 u=andysilv n=ansible | freenove                   : ok=3    changed=0    unreachable=0    failed=0    skipped=3    rescued=0    ignored=0   
2025-11-01 21:39:53,800 p=50379 u=andysilv n=ansible | PLAY [localhost] *****************************************************************************************************************************************************************************************************************************
2025-11-01 21:39:53,801 p=50379 u=andysilv n=ansible | skipping: no hosts matched
2025-11-01 21:39:53,801 p=50379 u=andysilv n=ansible | PLAY [freenove] ******************************************************************************************************************************************************************************************************************************
2025-11-01 21:39:53,807 p=50379 u=andysilv n=ansible | TASK [Gathering Facts] ***********************************************************************************************************************************************************************************************************************
2025-11-01 21:39:56,417 p=50379 u=andysilv n=ansible | ok: [freenove]
2025-11-01 21:39:56,430 p=50379 u=andysilv n=ansible | TASK [Get async_server PIDs] *****************************************************************************************************************************************************************************************************************
2025-11-01 21:39:57,351 p=50379 u=andysilv n=ansible | ok: [freenove]
2025-11-01 21:39:57,356 p=50379 u=andysilv n=ansible | TASK [Kill async_server if running] **********************************************************************************************************************************************************************************************************
2025-11-01 21:39:58,164 p=50379 u=andysilv n=ansible | changed: [freenove] => (item=37753)
2025-11-01 21:39:58,930 p=50379 u=andysilv n=ansible | changed: [freenove] => (item=37780)
2025-11-01 21:39:58,938 p=50379 u=andysilv n=ansible | TASK [Creates logs dir if not exists] ********************************************************************************************************************************************************************************************************
2025-11-01 21:39:59,776 p=50379 u=andysilv n=ansible | ok: [freenove]
2025-11-01 21:39:59,782 p=50379 u=andysilv n=ansible | TASK [Run server] ****************************************************************************************************************************************************************************************************************************
2025-11-01 21:40:00,482 p=50379 u=andysilv n=ansible | changed: [freenove]
2025-11-01 21:40:00,487 p=50379 u=andysilv n=ansible | TASK [Run web gateway] ***********************************************************************************************************************************************************************************************************************
2025-11-01 21:40:01,419 p=50379 u=andysilv n=ansible | changed: [freenove]
2025-11-01 21:40:01,436 p=50379 u=andysilv n=ansible | PLAY RECAP ***********************************************************************************************************************************************************************************************************************************
2025-11-01 21:40:01,436 p=50379 u=andysilv n=ansible | freenove                   : ok=6    changed=3    unreachable=0    failed=0    skipped=0    rescued=0    ignored=0   
2025-11-01 22:26:22,419 p=51689 u=andysilv n=ansible | PLAY [localhost] *****************************************************************************************************************************************************************************************************************************
2025-11-01 22:26:22,425 p=51689 u=andysilv n=ansible | TASK [Gathering Facts] ***********************************************************************************************************************************************************************************************************************
2025-11-01 22:26:23,188 p=51689 u=andysilv n=ansible | [WARNING]: Platform darwin on host localhost is using the discovered Python interpreter at /opt/homebrew/bin/python3.10, but future installation of another Python interpreter could change the meaning of that path. See
https://docs.ansible.com/ansible-core/2.15/reference_appendices/interpreter_discovery.html for more information.

2025-11-01 22:26:23,188 p=51689 u=andysilv n=ansible | ok: [localhost]
2025-11-01 22:26:23,196 p=51689 u=andysilv n=ansible | TASK [Run client] ****************************************************************************************************************************************************************************************************************************
2025-11-01 22:26:23,430 p=51689 u=andysilv n=ansible | changed: [localhost]
2025-11-01 22:26:23,441 p=51689 u=andysilv n=ansible | PLAY [freenove] ******************************************************************************************************************************************************************************************************************************
2025-11-01 22:26:23,444 p=51689 u=andysilv n=ansible | TASK [Gathering Facts] ***********************************************************************************************************************************************************************************************************************
2025-11-01 22:26:25,987 p=51689 u=andysilv n=ansible | ok: [freenove]
2025-11-01 22:26:25,999 p=51689 u=andysilv n=ansible | TASK [Get async_server PIDs] *****************************************************************************************************************************************************************************************************************
2025-11-01 22:26:27,023 p=51689 u=andysilv n=ansible | ok: [freenove]
2025-11-01 22:26:27,028 p=51689 u=andysilv n=ansible | TASK [Kill async_server if running] **********************************************************************************************************************************************************************************************************
2025-11-01 22:26:27,908 p=51689 u=andysilv n=ansible | changed: [freenove] => (item=39119)
2025-11-01 22:26:28,685 p=51689 u=andysilv n=ansible | changed: [freenove] => (item=39146)
2025-11-01 22:26:28,691 p=51689 u=andysilv n=ansible | TASK [Creates logs dir if not exists] ********************************************************************************************************************************************************************************************************
2025-11-01 22:26:29,586 p=51689 u=andysilv n=ansible | ok: [freenove]
2025-11-01 22:26:29,591 p=51689 u=andysilv n=ansible | TASK [Run server] ****************************************************************************************************************************************************************************************************************************
2025-11-01 22:26:30,385 p=51689 u=andysilv n=ansible | changed: [freenove]
2025-11-01 22:26:30,390 p=51689 u=andysilv n=ansible | TASK [Run web gateway] ***********************************************************************************************************************************************************************************************************************
2025-11-01 22:26:31,276 p=51689 u=andysilv n=ansible | changed: [freenove]
2025-11-01 22:26:31,293 p=51689 u=andysilv n=ansible | PLAY RECAP ***********************************************************************************************************************************************************************************************************************************
2025-11-01 22:26:31,293 p=51689 u=andysilv n=ansible | freenove                   : ok=6    changed=3    unreachable=0    failed=0    skipped=0    rescued=0    ignored=0   
2025-11-01 22:26:31,293 p=51689 u=andysilv n=ansible | localhost                  : ok=2    changed=1    unreachable=0    failed=0    skipped=0    rescued=0    ignored=0   
2025-11-01 22:29:25,770 p=51924 u=andysilv n=ansible | PLAY [localhost] *****************************************************************************************************************************************************************************************************************************
2025-11-01 22:29:25,776 p=51924 u=andysilv n=ansible | TASK [Gathering Facts] ***********************************************************************************************************************************************************************************************************************
2025-11-01 22:29:26,314 p=51924 u=andysilv n=ansible | [WARNING]: Platform darwin on host localhost is using the discovered Python interpreter at /opt/homebrew/bin/python3.10, but future installation of another Python interpreter could change the meaning of that path. See
https://docs.ansible.com/ansible-core/2.15/reference_appendices/interpreter_discovery.html for more information.

2025-11-01 22:29:26,314 p=51924 u=andysilv n=ansible | ok: [localhost]
2025-11-01 22:29:26,322 p=51924 u=andysilv n=ansible | TASK [Run client] ****************************************************************************************************************************************************************************************************************************
2025-11-01 22:29:26,554 p=51924 u=andysilv n=ansible | changed: [localhost]
2025-11-01 22:29:26,566 p=51924 u=andysilv n=ansible | PLAY [freenove] ******************************************************************************************************************************************************************************************************************************
2025-11-01 22:29:26,568 p=51924 u=andysilv n=ansible | TASK [Gathering Facts] ***********************************************************************************************************************************************************************************************************************
2025-11-01 22:29:28,869 p=51924 u=andysilv n=ansible | ok: [freenove]
2025-11-01 22:29:28,881 p=51924 u=andysilv n=ansible | TASK [Get async_server PIDs] *****************************************************************************************************************************************************************************************************************
2025-11-01 22:29:29,801 p=51924 u=andysilv n=ansible | ok: [freenove]
2025-11-01 22:29:29,806 p=51924 u=andysilv n=ansible | TASK [Kill async_server if running] **********************************************************************************************************************************************************************************************************
2025-11-01 22:29:30,564 p=51924 u=andysilv n=ansible | changed: [freenove] => (item=39911)
2025-11-01 22:29:31,324 p=51924 u=andysilv n=ansible | changed: [freenove] => (item=39937)
2025-11-01 22:29:31,330 p=51924 u=andysilv n=ansible | TASK [Creates logs dir if not exists] ********************************************************************************************************************************************************************************************************
2025-11-01 22:29:32,235 p=51924 u=andysilv n=ansible | ok: [freenove]
2025-11-01 22:29:32,240 p=51924 u=andysilv n=ansible | TASK [Run server] ****************************************************************************************************************************************************************************************************************************
2025-11-01 22:29:32,942 p=51924 u=andysilv n=ansible | changed: [freenove]
2025-11-01 22:29:32,947 p=51924 u=andysilv n=ansible | TASK [Run web gateway] ***********************************************************************************************************************************************************************************************************************
2025-11-01 22:29:33,767 p=51924 u=andysilv n=ansible | changed: [freenove]
2025-11-01 22:29:33,783 p=51924 u=andysilv n=ansible | PLAY RECAP ***********************************************************************************************************************************************************************************************************************************
2025-11-01 22:29:33,783 p=51924 u=andysilv n=ansible | freenove                   : ok=6    changed=3    unreachable=0    failed=0    skipped=0    rescued=0    ignored=0   
2025-11-01 22:29:33,783 p=51924 u=andysilv n=ansible | localhost                  : ok=2    changed=1    unreachable=0    failed=0    skipped=0    rescued=0    ignored=0   
2025-11-01 22:37:16,173 p=52380 u=andysilv n=ansible | PLAY [localhost] *****************************************************************************************************************************************************************************************************************************
2025-11-01 22:37:16,179 p=52380 u=andysilv n=ansible | TASK [Gathering Facts] ***********************************************************************************************************************************************************************************************************************
2025-11-01 22:37:17,730 p=52380 u=andysilv n=ansible | [WARNING]: Platform darwin on host localhost is using the discovered Python interpreter at /opt/homebrew/bin/python3.10, but future installation of another Python interpreter could change the meaning of that path. See
https://docs.ansible.com/ansible-core/2.15/reference_appendices/interpreter_discovery.html for more information.

2025-11-01 22:37:17,730 p=52380 u=andysilv n=ansible | ok: [localhost]
2025-11-01 22:37:17,740 p=52380 u=andysilv n=ansible | TASK [Run client] ****************************************************************************************************************************************************************************************************************************
2025-11-01 22:37:17,966 p=52380 u=andysilv n=ansible | changed: [localhost]
2025-11-01 22:37:17,978 p=52380 u=andysilv n=ansible | PLAY [freenove] ******************************************************************************************************************************************************************************************************************************
2025-11-01 22:37:17,980 p=52380 u=andysilv n=ansible | TASK [Gathering Facts] ***********************************************************************************************************************************************************************************************************************
2025-11-01 22:37:21,337 p=52380 u=andysilv n=ansible | ok: [freenove]
2025-11-01 22:37:21,349 p=52380 u=andysilv n=ansible | TASK [Get async_server PIDs] *****************************************************************************************************************************************************************************************************************
2025-11-01 22:37:22,328 p=52380 u=andysilv n=ansible | ok: [freenove]
2025-11-01 22:37:22,334 p=52380 u=andysilv n=ansible | TASK [Kill async_server if running] **********************************************************************************************************************************************************************************************************
2025-11-01 22:37:22,350 p=52380 u=andysilv n=ansible | skipping: [freenove]
2025-11-01 22:37:22,355 p=52380 u=andysilv n=ansible | TASK [Creates logs dir if not exists] ********************************************************************************************************************************************************************************************************
2025-11-01 22:37:23,147 p=52380 u=andysilv n=ansible | ok: [freenove]
2025-11-01 22:37:23,152 p=52380 u=andysilv n=ansible | TASK [Run server] ****************************************************************************************************************************************************************************************************************************
2025-11-01 22:37:23,838 p=52380 u=andysilv n=ansible | changed: [freenove]
2025-11-01 22:37:23,843 p=52380 u=andysilv n=ansible | TASK [Run web gateway] ***********************************************************************************************************************************************************************************************************************
2025-11-01 22:37:24,622 p=52380 u=andysilv n=ansible | changed: [freenove]
2025-11-01 22:37:24,639 p=52380 u=andysilv n=ansible | PLAY RECAP ***********************************************************************************************************************************************************************************************************************************
2025-11-01 22:37:24,639 p=52380 u=andysilv n=ansible | freenove                   : ok=5    changed=2    unreachable=0    failed=0    skipped=1    rescued=0    ignored=0   
2025-11-01 22:37:24,639 p=52380 u=andysilv n=ansible | localhost                  : ok=2    changed=1    unreachable=0    failed=0    skipped=0    rescued=0    ignored=0   
2025-11-01 22:38:08,789 p=52511 u=andysilv n=ansible | PLAY [localhost] *****************************************************************************************************************************************************************************************************************************
2025-11-01 22:38:08,794 p=52511 u=andysilv n=ansible | TASK [Gathering Facts] ***********************************************************************************************************************************************************************************************************************
2025-11-01 22:38:09,290 p=52511 u=andysilv n=ansible | [WARNING]: Platform darwin on host localhost is using the discovered Python interpreter at /opt/homebrew/bin/python3.10, but future installation of another Python interpreter could change the meaning of that path. See
https://docs.ansible.com/ansible-core/2.15/reference_appendices/interpreter_discovery.html for more information.

2025-11-01 22:38:09,290 p=52511 u=andysilv n=ansible | ok: [localhost]
2025-11-01 22:38:09,299 p=52511 u=andysilv n=ansible | TASK [Run client] ****************************************************************************************************************************************************************************************************************************
2025-11-01 22:38:09,526 p=52511 u=andysilv n=ansible | changed: [localhost]
2025-11-01 22:38:09,538 p=52511 u=andysilv n=ansible | PLAY [freenove] ******************************************************************************************************************************************************************************************************************************
2025-11-01 22:38:09,540 p=52511 u=andysilv n=ansible | TASK [Gathering Facts] ***********************************************************************************************************************************************************************************************************************
2025-11-01 22:38:11,550 p=52511 u=andysilv n=ansible | ok: [freenove]
2025-11-01 22:38:11,561 p=52511 u=andysilv n=ansible | TASK [Get async_server PIDs] *****************************************************************************************************************************************************************************************************************
2025-11-01 22:38:12,554 p=52511 u=andysilv n=ansible | ok: [freenove]
2025-11-01 22:38:12,559 p=52511 u=andysilv n=ansible | TASK [Kill async_server if running] **********************************************************************************************************************************************************************************************************
2025-11-01 22:38:13,294 p=52511 u=andysilv n=ansible | changed: [freenove] => (item=3827)
2025-11-01 22:38:14,055 p=52511 u=andysilv n=ansible | changed: [freenove] => (item=3852)
2025-11-01 22:38:14,061 p=52511 u=andysilv n=ansible | TASK [Creates logs dir if not exists] ********************************************************************************************************************************************************************************************************
2025-11-01 22:38:14,870 p=52511 u=andysilv n=ansible | ok: [freenove]
2025-11-01 22:38:14,875 p=52511 u=andysilv n=ansible | TASK [Run server] ****************************************************************************************************************************************************************************************************************************
2025-11-01 22:38:15,607 p=52511 u=andysilv n=ansible | changed: [freenove]
2025-11-01 22:38:15,613 p=52511 u=andysilv n=ansible | TASK [Run web gateway] ***********************************************************************************************************************************************************************************************************************
2025-11-01 22:38:16,432 p=52511 u=andysilv n=ansible | changed: [freenove]
2025-11-01 22:38:16,450 p=52511 u=andysilv n=ansible | PLAY RECAP ***********************************************************************************************************************************************************************************************************************************
2025-11-01 22:38:16,450 p=52511 u=andysilv n=ansible | freenove                   : ok=6    changed=3    unreachable=0    failed=0    skipped=0    rescued=0    ignored=0   
2025-11-01 22:38:16,450 p=52511 u=andysilv n=ansible | localhost                  : ok=2    changed=1    unreachable=0    failed=0    skipped=0    rescued=0    ignored=0   
2025-11-01 22:40:39,965 p=52727 u=andysilv n=ansible | PLAY [localhost] *****************************************************************************************************************************************************************************************************************************
2025-11-01 22:40:39,972 p=52727 u=andysilv n=ansible | TASK [Gathering Facts] ***********************************************************************************************************************************************************************************************************************
2025-11-01 22:40:40,505 p=52727 u=andysilv n=ansible | [WARNING]: Platform darwin on host localhost is using the discovered Python interpreter at /opt/homebrew/bin/python3.10, but future installation of another Python interpreter could change the meaning of that path. See
https://docs.ansible.com/ansible-core/2.15/reference_appendices/interpreter_discovery.html for more information.

2025-11-01 22:40:40,505 p=52727 u=andysilv n=ansible | ok: [localhost]
2025-11-01 22:40:40,514 p=52727 u=andysilv n=ansible | TASK [Run client] ****************************************************************************************************************************************************************************************************************************
2025-11-01 22:40:40,744 p=52727 u=andysilv n=ansible | changed: [localhost]
2025-11-01 22:40:40,756 p=52727 u=andysilv n=ansible | PLAY [freenove] ******************************************************************************************************************************************************************************************************************************
2025-11-01 22:40:40,758 p=52727 u=andysilv n=ansible | TASK [Gathering Facts] ***********************************************************************************************************************************************************************************************************************
2025-11-01 22:40:43,185 p=52727 u=andysilv n=ansible | ok: [freenove]
2025-11-01 22:40:43,198 p=52727 u=andysilv n=ansible | TASK [Get async_server PIDs] *****************************************************************************************************************************************************************************************************************
2025-11-01 22:40:44,166 p=52727 u=andysilv n=ansible | ok: [freenove]
2025-11-01 22:40:44,172 p=52727 u=andysilv n=ansible | TASK [Kill async_server if running] **********************************************************************************************************************************************************************************************************
2025-11-01 22:40:44,190 p=52727 u=andysilv n=ansible | skipping: [freenove]
2025-11-01 22:40:44,195 p=52727 u=andysilv n=ansible | TASK [Creates logs dir if not exists] ********************************************************************************************************************************************************************************************************
2025-11-01 22:40:45,005 p=52727 u=andysilv n=ansible | ok: [freenove]
2025-11-01 22:40:45,010 p=52727 u=andysilv n=ansible | TASK [Run server] ****************************************************************************************************************************************************************************************************************************
2025-11-01 22:40:46,051 p=52727 u=andysilv n=ansible | changed: [freenove]
2025-11-01 22:40:46,056 p=52727 u=andysilv n=ansible | TASK [Run web gateway] ***********************************************************************************************************************************************************************************************************************
2025-11-01 22:40:47,235 p=52727 u=andysilv n=ansible | changed: [freenove]
2025-11-01 22:40:47,252 p=52727 u=andysilv n=ansible | PLAY RECAP ***********************************************************************************************************************************************************************************************************************************
2025-11-01 22:40:47,252 p=52727 u=andysilv n=ansible | freenove                   : ok=5    changed=2    unreachable=0    failed=0    skipped=1    rescued=0    ignored=0   
2025-11-01 22:40:47,252 p=52727 u=andysilv n=ansible | localhost                  : ok=2    changed=1    unreachable=0    failed=0    skipped=0    rescued=0    ignored=0   
2025-11-01 22:41:05,935 p=52848 u=andysilv n=ansible | PLAY [localhost] *****************************************************************************************************************************************************************************************************************************
2025-11-01 22:41:05,941 p=52848 u=andysilv n=ansible | TASK [Gathering Facts] ***********************************************************************************************************************************************************************************************************************
2025-11-01 22:41:06,464 p=52848 u=andysilv n=ansible | [WARNING]: Platform darwin on host localhost is using the discovered Python interpreter at /opt/homebrew/bin/python3.10, but future installation of another Python interpreter could change the meaning of that path. See
https://docs.ansible.com/ansible-core/2.15/reference_appendices/interpreter_discovery.html for more information.

2025-11-01 22:41:06,464 p=52848 u=andysilv n=ansible | ok: [localhost]
2025-11-01 22:41:06,473 p=52848 u=andysilv n=ansible | TASK [Run client] ****************************************************************************************************************************************************************************************************************************
2025-11-01 22:41:06,701 p=52848 u=andysilv n=ansible | changed: [localhost]
2025-11-01 22:41:06,713 p=52848 u=andysilv n=ansible | PLAY [freenove] ******************************************************************************************************************************************************************************************************************************
2025-11-01 22:41:06,715 p=52848 u=andysilv n=ansible | TASK [Gathering Facts] ***********************************************************************************************************************************************************************************************************************
2025-11-01 22:41:08,799 p=52848 u=andysilv n=ansible | ok: [freenove]
2025-11-01 22:41:08,812 p=52848 u=andysilv n=ansible | TASK [Get async_server PIDs] *****************************************************************************************************************************************************************************************************************
2025-11-01 22:41:09,800 p=52848 u=andysilv n=ansible | ok: [freenove]
2025-11-01 22:41:09,806 p=52848 u=andysilv n=ansible | TASK [Kill async_server if running] **********************************************************************************************************************************************************************************************************
2025-11-01 22:41:10,722 p=52848 u=andysilv n=ansible | changed: [freenove] => (item=3320)
2025-11-01 22:41:11,595 p=52848 u=andysilv n=ansible | changed: [freenove] => (item=3345)
2025-11-01 22:41:11,601 p=52848 u=andysilv n=ansible | TASK [Creates logs dir if not exists] ********************************************************************************************************************************************************************************************************
2025-11-01 22:41:12,469 p=52848 u=andysilv n=ansible | ok: [freenove]
2025-11-01 22:41:12,474 p=52848 u=andysilv n=ansible | TASK [Run server] ****************************************************************************************************************************************************************************************************************************
2025-11-01 22:41:13,310 p=52848 u=andysilv n=ansible | changed: [freenove]
2025-11-01 22:41:13,315 p=52848 u=andysilv n=ansible | TASK [Run web gateway] ***********************************************************************************************************************************************************************************************************************
2025-11-01 22:41:14,364 p=52848 u=andysilv n=ansible | changed: [freenove]
2025-11-01 22:41:14,381 p=52848 u=andysilv n=ansible | PLAY RECAP ***********************************************************************************************************************************************************************************************************************************
2025-11-01 22:41:14,382 p=52848 u=andysilv n=ansible | freenove                   : ok=6    changed=3    unreachable=0    failed=0    skipped=0    rescued=0    ignored=0   
2025-11-01 22:41:14,382 p=52848 u=andysilv n=ansible | localhost                  : ok=2    changed=1    unreachable=0    failed=0    skipped=0    rescued=0    ignored=0   
2025-11-01 22:45:24,609 p=53095 u=andysilv n=ansible | PLAY [localhost] *****************************************************************************************************************************************************************************************************************************
2025-11-01 22:45:24,616 p=53095 u=andysilv n=ansible | TASK [Gathering Facts] ***********************************************************************************************************************************************************************************************************************
2025-11-01 22:45:25,145 p=53095 u=andysilv n=ansible | [WARNING]: Platform darwin on host localhost is using the discovered Python interpreter at /opt/homebrew/bin/python3.10, but future installation of another Python interpreter could change the meaning of that path. See
https://docs.ansible.com/ansible-core/2.15/reference_appendices/interpreter_discovery.html for more information.

2025-11-01 22:45:25,145 p=53095 u=andysilv n=ansible | ok: [localhost]
2025-11-01 22:45:25,154 p=53095 u=andysilv n=ansible | TASK [Run client] ****************************************************************************************************************************************************************************************************************************
2025-11-01 22:45:25,385 p=53095 u=andysilv n=ansible | changed: [localhost]
2025-11-01 22:45:25,397 p=53095 u=andysilv n=ansible | PLAY [freenove] ******************************************************************************************************************************************************************************************************************************
2025-11-01 22:45:25,400 p=53095 u=andysilv n=ansible | TASK [Gathering Facts] ***********************************************************************************************************************************************************************************************************************
2025-11-01 22:45:27,804 p=53095 u=andysilv n=ansible | ok: [freenove]
2025-11-01 22:45:27,816 p=53095 u=andysilv n=ansible | TASK [Get async_server PIDs] *****************************************************************************************************************************************************************************************************************
2025-11-01 22:45:28,753 p=53095 u=andysilv n=ansible | ok: [freenove]
2025-11-01 22:45:28,758 p=53095 u=andysilv n=ansible | TASK [Kill async_server if running] **********************************************************************************************************************************************************************************************************
2025-11-01 22:45:28,773 p=53095 u=andysilv n=ansible | skipping: [freenove]
2025-11-01 22:45:28,778 p=53095 u=andysilv n=ansible | TASK [Creates logs dir if not exists] ********************************************************************************************************************************************************************************************************
2025-11-01 22:45:29,586 p=53095 u=andysilv n=ansible | ok: [freenove]
2025-11-01 22:45:29,591 p=53095 u=andysilv n=ansible | TASK [Run server] ****************************************************************************************************************************************************************************************************************************
2025-11-01 22:45:30,322 p=53095 u=andysilv n=ansible | changed: [freenove]
2025-11-01 22:45:30,327 p=53095 u=andysilv n=ansible | TASK [Run web gateway] ***********************************************************************************************************************************************************************************************************************
2025-11-01 22:45:31,166 p=53095 u=andysilv n=ansible | changed: [freenove]
2025-11-01 22:45:31,183 p=53095 u=andysilv n=ansible | PLAY RECAP ***********************************************************************************************************************************************************************************************************************************
2025-11-01 22:45:31,183 p=53095 u=andysilv n=ansible | freenove                   : ok=5    changed=2    unreachable=0    failed=0    skipped=1    rescued=0    ignored=0   
2025-11-01 22:45:31,183 p=53095 u=andysilv n=ansible | localhost                  : ok=2    changed=1    unreachable=0    failed=0    skipped=0    rescued=0    ignored=0   
2025-11-01 22:45:48,661 p=53221 u=andysilv n=ansible | PLAY [localhost] *****************************************************************************************************************************************************************************************************************************
2025-11-01 22:45:48,667 p=53221 u=andysilv n=ansible | TASK [Gathering Facts] ***********************************************************************************************************************************************************************************************************************
2025-11-01 22:45:49,176 p=53221 u=andysilv n=ansible | [WARNING]: Platform darwin on host localhost is using the discovered Python interpreter at /opt/homebrew/bin/python3.10, but future installation of another Python interpreter could change the meaning of that path. See
https://docs.ansible.com/ansible-core/2.15/reference_appendices/interpreter_discovery.html for more information.

2025-11-01 22:45:49,176 p=53221 u=andysilv n=ansible | ok: [localhost]
2025-11-01 22:45:49,185 p=53221 u=andysilv n=ansible | TASK [Run client] ****************************************************************************************************************************************************************************************************************************
2025-11-01 22:45:49,418 p=53221 u=andysilv n=ansible | changed: [localhost]
2025-11-01 22:45:49,430 p=53221 u=andysilv n=ansible | PLAY [freenove] ******************************************************************************************************************************************************************************************************************************
2025-11-01 22:45:49,433 p=53221 u=andysilv n=ansible | TASK [Gathering Facts] ***********************************************************************************************************************************************************************************************************************
2025-11-01 22:45:51,490 p=53221 u=andysilv n=ansible | ok: [freenove]
2025-11-01 22:45:51,503 p=53221 u=andysilv n=ansible | TASK [Get async_server PIDs] *****************************************************************************************************************************************************************************************************************
2025-11-01 22:45:52,463 p=53221 u=andysilv n=ansible | ok: [freenove]
2025-11-01 22:45:52,468 p=53221 u=andysilv n=ansible | TASK [Kill async_server if running] **********************************************************************************************************************************************************************************************************
2025-11-01 22:45:53,215 p=53221 u=andysilv n=ansible | changed: [freenove] => (item=3587)
2025-11-01 22:45:53,934 p=53221 u=andysilv n=ansible | changed: [freenove] => (item=3612)
2025-11-01 22:45:53,940 p=53221 u=andysilv n=ansible | TASK [Creates logs dir if not exists] ********************************************************************************************************************************************************************************************************
2025-11-01 22:45:54,790 p=53221 u=andysilv n=ansible | ok: [freenove]
2025-11-01 22:45:54,795 p=53221 u=andysilv n=ansible | TASK [Run server] ****************************************************************************************************************************************************************************************************************************
2025-11-01 22:45:55,577 p=53221 u=andysilv n=ansible | changed: [freenove]
2025-11-01 22:45:55,582 p=53221 u=andysilv n=ansible | TASK [Run web gateway] ***********************************************************************************************************************************************************************************************************************
2025-11-01 22:45:56,432 p=53221 u=andysilv n=ansible | changed: [freenove]
2025-11-01 22:45:56,450 p=53221 u=andysilv n=ansible | PLAY RECAP ***********************************************************************************************************************************************************************************************************************************
2025-11-01 22:45:56,450 p=53221 u=andysilv n=ansible | freenove                   : ok=6    changed=3    unreachable=0    failed=0    skipped=0    rescued=0    ignored=0   
2025-11-01 22:45:56,450 p=53221 u=andysilv n=ansible | localhost                  : ok=2    changed=1    unreachable=0    failed=0    skipped=0    rescued=0    ignored=0   
2025-11-01 22:49:04,891 p=53451 u=andysilv n=ansible | PLAY [localhost] *****************************************************************************************************************************************************************************************************************************
2025-11-01 22:49:04,898 p=53451 u=andysilv n=ansible | TASK [Gathering Facts] ***********************************************************************************************************************************************************************************************************************
2025-11-01 22:49:05,424 p=53451 u=andysilv n=ansible | [WARNING]: Platform darwin on host localhost is using the discovered Python interpreter at /opt/homebrew/bin/python3.10, but future installation of another Python interpreter could change the meaning of that path. See
https://docs.ansible.com/ansible-core/2.15/reference_appendices/interpreter_discovery.html for more information.

2025-11-01 22:49:05,424 p=53451 u=andysilv n=ansible | ok: [localhost]
2025-11-01 22:49:05,433 p=53451 u=andysilv n=ansible | TASK [Run client] ****************************************************************************************************************************************************************************************************************************
2025-11-01 22:49:05,664 p=53451 u=andysilv n=ansible | changed: [localhost]
2025-11-01 22:49:05,675 p=53451 u=andysilv n=ansible | PLAY [freenove] ******************************************************************************************************************************************************************************************************************************
2025-11-01 22:49:05,675 p=53451 u=andysilv n=ansible | skipping: no hosts matched
2025-11-01 22:49:05,675 p=53451 u=andysilv n=ansible | PLAY RECAP ***********************************************************************************************************************************************************************************************************************************
2025-11-01 22:49:05,675 p=53451 u=andysilv n=ansible | localhost                  : ok=2    changed=1    unreachable=0    failed=0    skipped=0    rescued=0    ignored=0   
2025-11-01 23:03:49,887 p=53927 u=andysilv n=ansible | PLAY [localhost] *****************************************************************************************************************************************************************************************************************************
2025-11-01 23:03:49,893 p=53927 u=andysilv n=ansible | TASK [Gathering Facts] ***********************************************************************************************************************************************************************************************************************
2025-11-01 23:03:50,463 p=53927 u=andysilv n=ansible | [WARNING]: Platform darwin on host localhost is using the discovered Python interpreter at /opt/homebrew/bin/python3.10, but future installation of another Python interpreter could change the meaning of that path. See
https://docs.ansible.com/ansible-core/2.15/reference_appendices/interpreter_discovery.html for more information.

2025-11-01 23:03:50,463 p=53927 u=andysilv n=ansible | ok: [localhost]
2025-11-01 23:03:50,472 p=53927 u=andysilv n=ansible | TASK [Run client] ****************************************************************************************************************************************************************************************************************************
2025-11-01 23:03:50,718 p=53927 u=andysilv n=ansible | changed: [localhost]
2025-11-01 23:03:50,738 p=53927 u=andysilv n=ansible | PLAY [freenove] ******************************************************************************************************************************************************************************************************************************
2025-11-01 23:03:50,741 p=53927 u=andysilv n=ansible | TASK [Gathering Facts] ***********************************************************************************************************************************************************************************************************************
2025-11-01 23:03:53,169 p=53927 u=andysilv n=ansible | ok: [freenove]
2025-11-01 23:03:53,181 p=53927 u=andysilv n=ansible | TASK [Get async_server PIDs] *****************************************************************************************************************************************************************************************************************
2025-11-01 23:03:54,145 p=53927 u=andysilv n=ansible | ok: [freenove]
2025-11-01 23:03:54,159 p=53927 u=andysilv n=ansible | TASK [Kill async_server if running] **********************************************************************************************************************************************************************************************************
2025-11-01 23:03:54,905 p=53927 u=andysilv n=ansible | changed: [freenove] => (item=3849)
2025-11-01 23:03:55,660 p=53927 u=andysilv n=ansible | changed: [freenove] => (item=3874)
2025-11-01 23:03:55,680 p=53927 u=andysilv n=ansible | TASK [Creates logs dir if not exists] ********************************************************************************************************************************************************************************************************
2025-11-01 23:03:56,542 p=53927 u=andysilv n=ansible | ok: [freenove]
2025-11-01 23:03:56,547 p=53927 u=andysilv n=ansible | TASK [Run server] ****************************************************************************************************************************************************************************************************************************
2025-11-01 23:03:57,359 p=53927 u=andysilv n=ansible | changed: [freenove]
2025-11-01 23:03:57,364 p=53927 u=andysilv n=ansible | TASK [Run web gateway] ***********************************************************************************************************************************************************************************************************************
2025-11-01 23:03:58,236 p=53927 u=andysilv n=ansible | changed: [freenove]
2025-11-01 23:03:58,252 p=53927 u=andysilv n=ansible | PLAY RECAP ***********************************************************************************************************************************************************************************************************************************
2025-11-01 23:03:58,252 p=53927 u=andysilv n=ansible | freenove                   : ok=6    changed=3    unreachable=0    failed=0    skipped=0    rescued=0    ignored=0   
2025-11-01 23:03:58,252 p=53927 u=andysilv n=ansible | localhost                  : ok=2    changed=1    unreachable=0    failed=0    skipped=0    rescued=0    ignored=0   
2025-11-01 23:07:54,075 p=54233 u=andysilv n=ansible | PLAY [localhost] *****************************************************************************************************************************************************************************************************************************
2025-11-01 23:07:54,081 p=54233 u=andysilv n=ansible | TASK [Gathering Facts] ***********************************************************************************************************************************************************************************************************************
2025-11-01 23:07:54,588 p=54233 u=andysilv n=ansible | [WARNING]: Platform darwin on host localhost is using the discovered Python interpreter at /opt/homebrew/bin/python3.10, but future installation of another Python interpreter could change the meaning of that path. See
https://docs.ansible.com/ansible-core/2.15/reference_appendices/interpreter_discovery.html for more information.

2025-11-01 23:07:54,588 p=54233 u=andysilv n=ansible | ok: [localhost]
2025-11-01 23:07:54,596 p=54233 u=andysilv n=ansible | TASK [Run client] ****************************************************************************************************************************************************************************************************************************
2025-11-01 23:07:54,825 p=54233 u=andysilv n=ansible | changed: [localhost]
2025-11-01 23:07:54,837 p=54233 u=andysilv n=ansible | PLAY [freenove] ******************************************************************************************************************************************************************************************************************************
2025-11-01 23:07:54,840 p=54233 u=andysilv n=ansible | TASK [Gathering Facts] ***********************************************************************************************************************************************************************************************************************
2025-11-01 23:08:04,878 p=54233 u=andysilv n=ansible | fatal: [freenove]: UNREACHABLE! => {"changed": false, "msg": "Failed to connect to the host via ssh: ssh: connect to host freenove-pi port 22: Operation timed out", "unreachable": true}
2025-11-01 23:08:04,879 p=54233 u=andysilv n=ansible | PLAY RECAP ***********************************************************************************************************************************************************************************************************************************
2025-11-01 23:08:04,879 p=54233 u=andysilv n=ansible | freenove                   : ok=0    changed=0    unreachable=1    failed=0    skipped=0    rescued=0    ignored=0   
2025-11-01 23:08:04,879 p=54233 u=andysilv n=ansible | localhost                  : ok=2    changed=1    unreachable=0    failed=0    skipped=0    rescued=0    ignored=0   
2025-11-01 23:08:11,366 p=54309 u=andysilv n=ansible | PLAY [localhost] *****************************************************************************************************************************************************************************************************************************
2025-11-01 23:08:11,370 p=54309 u=andysilv n=ansible | TASK [Gathering Facts] ***********************************************************************************************************************************************************************************************************************
2025-11-01 23:08:11,861 p=54309 u=andysilv n=ansible | [WARNING]: Platform darwin on host localhost is using the discovered Python interpreter at /opt/homebrew/bin/python3.10, but future installation of another Python interpreter could change the meaning of that path. See
https://docs.ansible.com/ansible-core/2.15/reference_appendices/interpreter_discovery.html for more information.

2025-11-01 23:08:11,861 p=54309 u=andysilv n=ansible | ok: [localhost]
2025-11-01 23:08:11,871 p=54309 u=andysilv n=ansible | TASK [Run client] ****************************************************************************************************************************************************************************************************************************
2025-11-01 23:08:12,104 p=54309 u=andysilv n=ansible | changed: [localhost]
2025-11-01 23:08:12,116 p=54309 u=andysilv n=ansible | PLAY [freenove] ******************************************************************************************************************************************************************************************************************************
2025-11-01 23:08:12,119 p=54309 u=andysilv n=ansible | TASK [Gathering Facts] ***********************************************************************************************************************************************************************************************************************
2025-11-01 23:08:16,353 p=54309 u=andysilv n=ansible | ok: [freenove]
2025-11-01 23:08:16,366 p=54309 u=andysilv n=ansible | TASK [Get async_server PIDs] *****************************************************************************************************************************************************************************************************************
2025-11-01 23:08:17,554 p=54309 u=andysilv n=ansible | ok: [freenove]
2025-11-01 23:08:17,559 p=54309 u=andysilv n=ansible | TASK [Kill async_server if running] **********************************************************************************************************************************************************************************************************
2025-11-01 23:08:17,575 p=54309 u=andysilv n=ansible | skipping: [freenove]
2025-11-01 23:08:17,580 p=54309 u=andysilv n=ansible | TASK [Creates logs dir if not exists] ********************************************************************************************************************************************************************************************************
2025-11-01 23:08:18,487 p=54309 u=andysilv n=ansible | ok: [freenove]
2025-11-01 23:08:18,492 p=54309 u=andysilv n=ansible | TASK [Run server] ****************************************************************************************************************************************************************************************************************************
2025-11-01 23:08:19,298 p=54309 u=andysilv n=ansible | changed: [freenove]
2025-11-01 23:08:19,303 p=54309 u=andysilv n=ansible | TASK [Run web gateway] ***********************************************************************************************************************************************************************************************************************
2025-11-01 23:08:20,083 p=54309 u=andysilv n=ansible | changed: [freenove]
2025-11-01 23:08:20,100 p=54309 u=andysilv n=ansible | PLAY RECAP ***********************************************************************************************************************************************************************************************************************************
2025-11-01 23:08:20,100 p=54309 u=andysilv n=ansible | freenove                   : ok=5    changed=2    unreachable=0    failed=0    skipped=1    rescued=0    ignored=0   
2025-11-01 23:08:20,100 p=54309 u=andysilv n=ansible | localhost                  : ok=2    changed=1    unreachable=0    failed=0    skipped=0    rescued=0    ignored=0   
2025-11-01 23:14:10,494 p=54537 u=andysilv n=ansible | PLAY [localhost] *****************************************************************************************************************************************************************************************************************************
2025-11-01 23:14:10,498 p=54537 u=andysilv n=ansible | TASK [Gathering Facts] ***********************************************************************************************************************************************************************************************************************
2025-11-01 23:14:10,951 p=54537 u=andysilv n=ansible | [WARNING]: Platform darwin on host localhost is using the discovered Python interpreter at /opt/homebrew/bin/python3.10, but future installation of another Python interpreter could change the meaning of that path. See
https://docs.ansible.com/ansible-core/2.15/reference_appendices/interpreter_discovery.html for more information.

2025-11-01 23:14:10,951 p=54537 u=andysilv n=ansible | ok: [localhost]
2025-11-01 23:14:10,959 p=54537 u=andysilv n=ansible | TASK [Run client] ****************************************************************************************************************************************************************************************************************************
2025-11-01 23:14:11,187 p=54537 u=andysilv n=ansible | changed: [localhost]
2025-11-01 23:14:11,199 p=54537 u=andysilv n=ansible | PLAY [freenove] ******************************************************************************************************************************************************************************************************************************
2025-11-01 23:14:11,201 p=54537 u=andysilv n=ansible | TASK [Gathering Facts] ***********************************************************************************************************************************************************************************************************************
2025-11-01 23:14:13,517 p=54537 u=andysilv n=ansible | ok: [freenove]
2025-11-01 23:14:13,529 p=54537 u=andysilv n=ansible | TASK [Get async_server PIDs] *****************************************************************************************************************************************************************************************************************
2025-11-01 23:14:14,461 p=54537 u=andysilv n=ansible | ok: [freenove]
2025-11-01 23:14:14,466 p=54537 u=andysilv n=ansible | TASK [Kill async_server if running] **********************************************************************************************************************************************************************************************************
2025-11-01 23:14:15,203 p=54537 u=andysilv n=ansible | changed: [freenove] => (item=2557)
2025-11-01 23:14:15,973 p=54537 u=andysilv n=ansible | changed: [freenove] => (item=2579)
2025-11-01 23:14:15,979 p=54537 u=andysilv n=ansible | TASK [Creates logs dir if not exists] ********************************************************************************************************************************************************************************************************
2025-11-01 23:14:16,814 p=54537 u=andysilv n=ansible | ok: [freenove]
2025-11-01 23:14:16,819 p=54537 u=andysilv n=ansible | TASK [Run server] ****************************************************************************************************************************************************************************************************************************
2025-11-01 23:14:17,544 p=54537 u=andysilv n=ansible | changed: [freenove]
2025-11-01 23:14:17,549 p=54537 u=andysilv n=ansible | TASK [Run web gateway] ***********************************************************************************************************************************************************************************************************************
2025-11-01 23:14:18,414 p=54537 u=andysilv n=ansible | changed: [freenove]
2025-11-01 23:14:18,430 p=54537 u=andysilv n=ansible | PLAY RECAP ***********************************************************************************************************************************************************************************************************************************
2025-11-01 23:14:18,430 p=54537 u=andysilv n=ansible | freenove                   : ok=6    changed=3    unreachable=0    failed=0    skipped=0    rescued=0    ignored=0   
2025-11-01 23:14:18,430 p=54537 u=andysilv n=ansible | localhost                  : ok=2    changed=1    unreachable=0    failed=0    skipped=0    rescued=0    ignored=0   
2025-11-01 23:17:34,969 p=54734 u=andysilv n=ansible | PLAY [localhost] *****************************************************************************************************************************************************************************************************************************
2025-11-01 23:17:34,974 p=54734 u=andysilv n=ansible | TASK [Gathering Facts] ***********************************************************************************************************************************************************************************************************************
2025-11-01 23:17:35,426 p=54734 u=andysilv n=ansible | [WARNING]: Platform darwin on host localhost is using the discovered Python interpreter at /opt/homebrew/bin/python3.10, but future installation of another Python interpreter could change the meaning of that path. See
https://docs.ansible.com/ansible-core/2.15/reference_appendices/interpreter_discovery.html for more information.

2025-11-01 23:17:35,426 p=54734 u=andysilv n=ansible | ok: [localhost]
2025-11-01 23:17:35,434 p=54734 u=andysilv n=ansible | TASK [Run client] ****************************************************************************************************************************************************************************************************************************
2025-11-01 23:17:35,663 p=54734 u=andysilv n=ansible | changed: [localhost]
2025-11-01 23:17:35,675 p=54734 u=andysilv n=ansible | PLAY [freenove] ******************************************************************************************************************************************************************************************************************************
2025-11-01 23:17:35,678 p=54734 u=andysilv n=ansible | TASK [Gathering Facts] ***********************************************************************************************************************************************************************************************************************
2025-11-01 23:17:39,036 p=54734 u=andysilv n=ansible | ok: [freenove]
2025-11-01 23:17:39,047 p=54734 u=andysilv n=ansible | TASK [Get async_server PIDs] *****************************************************************************************************************************************************************************************************************
2025-11-01 23:17:40,013 p=54734 u=andysilv n=ansible | ok: [freenove]
2025-11-01 23:17:40,030 p=54734 u=andysilv n=ansible | TASK [Kill async_server if running] **********************************************************************************************************************************************************************************************************
2025-11-01 23:17:40,793 p=54734 u=andysilv n=ansible | changed: [freenove] => (item=3747)
2025-11-01 23:17:41,648 p=54734 u=andysilv n=ansible | changed: [freenove] => (item=3772)
2025-11-01 23:17:41,665 p=54734 u=andysilv n=ansible | TASK [Creates logs dir if not exists] ********************************************************************************************************************************************************************************************************
2025-11-01 23:17:42,516 p=54734 u=andysilv n=ansible | ok: [freenove]
2025-11-01 23:17:42,524 p=54734 u=andysilv n=ansible | TASK [Run server] ****************************************************************************************************************************************************************************************************************************
2025-11-01 23:17:43,274 p=54734 u=andysilv n=ansible | changed: [freenove]
2025-11-01 23:17:43,288 p=54734 u=andysilv n=ansible | TASK [Run web gateway] ***********************************************************************************************************************************************************************************************************************
2025-11-01 23:17:44,166 p=54734 u=andysilv n=ansible | changed: [freenove]
2025-11-01 23:17:44,193 p=54734 u=andysilv n=ansible | PLAY RECAP ***********************************************************************************************************************************************************************************************************************************
2025-11-01 23:17:44,193 p=54734 u=andysilv n=ansible | freenove                   : ok=6    changed=3    unreachable=0    failed=0    skipped=0    rescued=0    ignored=0   
2025-11-01 23:17:44,193 p=54734 u=andysilv n=ansible | localhost                  : ok=2    changed=1    unreachable=0    failed=0    skipped=0    rescued=0    ignored=0   
2025-11-01 23:19:58,786 p=54896 u=andysilv n=ansible | PLAY [localhost] *****************************************************************************************************************************************************************************************************************************
2025-11-01 23:19:58,790 p=54896 u=andysilv n=ansible | TASK [Gathering Facts] ***********************************************************************************************************************************************************************************************************************
2025-11-01 23:19:59,284 p=54896 u=andysilv n=ansible | [WARNING]: Platform darwin on host localhost is using the discovered Python interpreter at /opt/homebrew/bin/python3.10, but future installation of another Python interpreter could change the meaning of that path. See
https://docs.ansible.com/ansible-core/2.15/reference_appendices/interpreter_discovery.html for more information.

2025-11-01 23:19:59,284 p=54896 u=andysilv n=ansible | ok: [localhost]
2025-11-01 23:19:59,292 p=54896 u=andysilv n=ansible | TASK [Run client] ****************************************************************************************************************************************************************************************************************************
2025-11-01 23:19:59,525 p=54896 u=andysilv n=ansible | changed: [localhost]
2025-11-01 23:19:59,538 p=54896 u=andysilv n=ansible | PLAY [freenove] ******************************************************************************************************************************************************************************************************************************
2025-11-01 23:19:59,540 p=54896 u=andysilv n=ansible | TASK [Gathering Facts] ***********************************************************************************************************************************************************************************************************************
2025-11-01 23:20:02,091 p=54896 u=andysilv n=ansible | ok: [freenove]
2025-11-01 23:20:02,104 p=54896 u=andysilv n=ansible | TASK [Get async_server PIDs] *****************************************************************************************************************************************************************************************************************
2025-11-01 23:20:03,118 p=54896 u=andysilv n=ansible | ok: [freenove]
2025-11-01 23:20:03,123 p=54896 u=andysilv n=ansible | TASK [Kill async_server if running] **********************************************************************************************************************************************************************************************************
2025-11-01 23:20:03,896 p=54896 u=andysilv n=ansible | changed: [freenove] => (item=4035)
2025-11-01 23:20:04,672 p=54896 u=andysilv n=ansible | changed: [freenove] => (item=4062)
2025-11-01 23:20:04,689 p=54896 u=andysilv n=ansible | TASK [Creates logs dir if not exists] ********************************************************************************************************************************************************************************************************
2025-11-01 23:20:05,568 p=54896 u=andysilv n=ansible | ok: [freenove]
2025-11-01 23:20:05,580 p=54896 u=andysilv n=ansible | TASK [Run server] ****************************************************************************************************************************************************************************************************************************
2025-11-01 23:20:06,326 p=54896 u=andysilv n=ansible | changed: [freenove]
2025-11-01 23:20:06,332 p=54896 u=andysilv n=ansible | TASK [Run web gateway] ***********************************************************************************************************************************************************************************************************************
2025-11-01 23:20:07,172 p=54896 u=andysilv n=ansible | changed: [freenove]
2025-11-01 23:20:07,190 p=54896 u=andysilv n=ansible | PLAY RECAP ***********************************************************************************************************************************************************************************************************************************
2025-11-01 23:20:07,190 p=54896 u=andysilv n=ansible | freenove                   : ok=6    changed=3    unreachable=0    failed=0    skipped=0    rescued=0    ignored=0   
2025-11-01 23:20:07,190 p=54896 u=andysilv n=ansible | localhost                  : ok=2    changed=1    unreachable=0    failed=0    skipped=0    rescued=0    ignored=0   
2025-11-01 23:22:51,830 p=55063 u=andysilv n=ansible | PLAY [localhost] *****************************************************************************************************************************************************************************************************************************
2025-11-01 23:22:51,835 p=55063 u=andysilv n=ansible | TASK [Gathering Facts] ***********************************************************************************************************************************************************************************************************************
2025-11-01 23:22:52,288 p=55063 u=andysilv n=ansible | [WARNING]: Platform darwin on host localhost is using the discovered Python interpreter at /opt/homebrew/bin/python3.10, but future installation of another Python interpreter could change the meaning of that path. See
https://docs.ansible.com/ansible-core/2.15/reference_appendices/interpreter_discovery.html for more information.

2025-11-01 23:22:52,288 p=55063 u=andysilv n=ansible | ok: [localhost]
2025-11-01 23:22:52,297 p=55063 u=andysilv n=ansible | TASK [Run client] ****************************************************************************************************************************************************************************************************************************
2025-11-01 23:22:52,527 p=55063 u=andysilv n=ansible | changed: [localhost]
2025-11-01 23:22:52,539 p=55063 u=andysilv n=ansible | PLAY [freenove] ******************************************************************************************************************************************************************************************************************************
2025-11-01 23:22:52,541 p=55063 u=andysilv n=ansible | TASK [Gathering Facts] ***********************************************************************************************************************************************************************************************************************
2025-11-01 23:22:54,976 p=55063 u=andysilv n=ansible | ok: [freenove]
2025-11-01 23:22:54,989 p=55063 u=andysilv n=ansible | TASK [Get async_server PIDs] *****************************************************************************************************************************************************************************************************************
2025-11-01 23:22:55,938 p=55063 u=andysilv n=ansible | ok: [freenove]
2025-11-01 23:22:55,943 p=55063 u=andysilv n=ansible | TASK [Kill async_server if running] **********************************************************************************************************************************************************************************************************
2025-11-01 23:22:56,702 p=55063 u=andysilv n=ansible | changed: [freenove] => (item=4472)
2025-11-01 23:22:57,384 p=55063 u=andysilv n=ansible | changed: [freenove] => (item=4497)
2025-11-01 23:22:57,391 p=55063 u=andysilv n=ansible | TASK [Creates logs dir if not exists] ********************************************************************************************************************************************************************************************************
2025-11-01 23:22:58,206 p=55063 u=andysilv n=ansible | ok: [freenove]
2025-11-01 23:22:58,211 p=55063 u=andysilv n=ansible | TASK [Run server] ****************************************************************************************************************************************************************************************************************************
2025-11-01 23:22:58,986 p=55063 u=andysilv n=ansible | changed: [freenove]
2025-11-01 23:22:58,992 p=55063 u=andysilv n=ansible | TASK [Run web gateway] ***********************************************************************************************************************************************************************************************************************
2025-11-01 23:22:59,901 p=55063 u=andysilv n=ansible | changed: [freenove]
2025-11-01 23:22:59,932 p=55063 u=andysilv n=ansible | PLAY RECAP ***********************************************************************************************************************************************************************************************************************************
2025-11-01 23:22:59,932 p=55063 u=andysilv n=ansible | freenove                   : ok=6    changed=3    unreachable=0    failed=0    skipped=0    rescued=0    ignored=0   
2025-11-01 23:22:59,932 p=55063 u=andysilv n=ansible | localhost                  : ok=2    changed=1    unreachable=0    failed=0    skipped=0    rescued=0    ignored=0   
2025-11-01 23:24:58,597 p=55214 u=andysilv n=ansible | PLAY [localhost] *****************************************************************************************************************************************************************************************************************************
2025-11-01 23:24:58,597 p=55214 u=andysilv n=ansible | skipping: no hosts matched
2025-11-01 23:24:58,598 p=55214 u=andysilv n=ansible | PLAY [freenove] ******************************************************************************************************************************************************************************************************************************
2025-11-01 23:24:58,602 p=55214 u=andysilv n=ansible | TASK [Gathering Facts] ***********************************************************************************************************************************************************************************************************************
2025-11-01 23:25:01,172 p=55214 u=andysilv n=ansible | ok: [freenove]
2025-11-01 23:25:01,186 p=55214 u=andysilv n=ansible | TASK [Get async_server PIDs] *****************************************************************************************************************************************************************************************************************
2025-11-01 23:25:02,127 p=55214 u=andysilv n=ansible | ok: [freenove]
2025-11-01 23:25:02,133 p=55214 u=andysilv n=ansible | TASK [Kill async_server if running] **********************************************************************************************************************************************************************************************************
2025-11-01 23:25:03,115 p=55214 u=andysilv n=ansible | changed: [freenove] => (item=4805)
2025-11-01 23:25:03,818 p=55214 u=andysilv n=ansible | changed: [freenove] => (item=4832)
2025-11-01 23:25:03,824 p=55214 u=andysilv n=ansible | TASK [Creates logs dir if not exists] ********************************************************************************************************************************************************************************************************
2025-11-01 23:25:04,773 p=55214 u=andysilv n=ansible | ok: [freenove]
2025-11-01 23:25:04,779 p=55214 u=andysilv n=ansible | TASK [Run server] ****************************************************************************************************************************************************************************************************************************
2025-11-01 23:25:05,658 p=55214 u=andysilv n=ansible | changed: [freenove]
2025-11-01 23:25:05,664 p=55214 u=andysilv n=ansible | TASK [Run web gateway] ***********************************************************************************************************************************************************************************************************************
2025-11-01 23:25:06,548 p=55214 u=andysilv n=ansible | changed: [freenove]
2025-11-01 23:25:06,566 p=55214 u=andysilv n=ansible | PLAY RECAP ***********************************************************************************************************************************************************************************************************************************
2025-11-01 23:25:06,566 p=55214 u=andysilv n=ansible | freenove                   : ok=6    changed=3    unreachable=0    failed=0    skipped=0    rescued=0    ignored=0   
2025-11-02 10:18:58,144 p=3679 u=andysilv n=ansible | PLAY [localhost] *****************************************************************************************************************************************************************************************************************************
2025-11-02 10:18:58,144 p=3679 u=andysilv n=ansible | skipping: no hosts matched
2025-11-02 10:18:58,145 p=3679 u=andysilv n=ansible | PLAY [freenove] ******************************************************************************************************************************************************************************************************************************
2025-11-02 10:18:58,152 p=3679 u=andysilv n=ansible | TASK [Gathering Facts] ***********************************************************************************************************************************************************************************************************************
2025-11-02 10:19:01,016 p=3679 u=andysilv n=ansible | ok: [freenove]
2025-11-02 10:19:01,035 p=3679 u=andysilv n=ansible | TASK [Get async_server PIDs] *****************************************************************************************************************************************************************************************************************
2025-11-02 10:19:01,946 p=3679 u=andysilv n=ansible | ok: [freenove]
2025-11-02 10:19:01,959 p=3679 u=andysilv n=ansible | TASK [Kill async_server if running] **********************************************************************************************************************************************************************************************************
2025-11-02 10:19:02,853 p=3679 u=andysilv n=ansible | changed: [freenove] => (item=5120)
2025-11-02 10:19:03,619 p=3679 u=andysilv n=ansible | changed: [freenove] => (item=5145)
2025-11-02 10:19:03,639 p=3679 u=andysilv n=ansible | TASK [Creates logs dir if not exists] ********************************************************************************************************************************************************************************************************
2025-11-02 10:19:04,510 p=3679 u=andysilv n=ansible | ok: [freenove]
2025-11-02 10:19:04,527 p=3679 u=andysilv n=ansible | TASK [Run server] ****************************************************************************************************************************************************************************************************************************
2025-11-02 10:19:05,277 p=3679 u=andysilv n=ansible | changed: [freenove]
2025-11-02 10:19:05,294 p=3679 u=andysilv n=ansible | TASK [Run web gateway] ***********************************************************************************************************************************************************************************************************************
2025-11-02 10:19:06,142 p=3679 u=andysilv n=ansible | changed: [freenove]
2025-11-02 10:19:06,184 p=3679 u=andysilv n=ansible | PLAY RECAP ***********************************************************************************************************************************************************************************************************************************
2025-11-02 10:19:06,184 p=3679 u=andysilv n=ansible | freenove                   : ok=6    changed=3    unreachable=0    failed=0    skipped=0    rescued=0    ignored=0   
2025-11-02 10:30:51,427 p=4090 u=andysilv n=ansible | PLAY [localhost] *****************************************************************************************************************************************************************************************************************************
2025-11-02 10:30:51,427 p=4090 u=andysilv n=ansible | skipping: no hosts matched
2025-11-02 10:30:51,428 p=4090 u=andysilv n=ansible | PLAY [freenove] ******************************************************************************************************************************************************************************************************************************
2025-11-02 10:30:51,434 p=4090 u=andysilv n=ansible | TASK [Gathering Facts] ***********************************************************************************************************************************************************************************************************************
2025-11-02 10:30:54,429 p=4090 u=andysilv n=ansible | ok: [freenove]
2025-11-02 10:30:54,448 p=4090 u=andysilv n=ansible | TASK [Get async_server PIDs] *****************************************************************************************************************************************************************************************************************
2025-11-02 10:30:55,805 p=4090 u=andysilv n=ansible | ok: [freenove]
2025-11-02 10:30:55,817 p=4090 u=andysilv n=ansible | TASK [Kill async_server if running] **********************************************************************************************************************************************************************************************************
2025-11-02 10:30:56,676 p=4090 u=andysilv n=ansible | changed: [freenove] => (item=8976)
2025-11-02 10:30:57,389 p=4090 u=andysilv n=ansible | changed: [freenove] => (item=9001)
2025-11-02 10:30:57,402 p=4090 u=andysilv n=ansible | TASK [Creates logs dir if not exists] ********************************************************************************************************************************************************************************************************
2025-11-02 10:30:58,220 p=4090 u=andysilv n=ansible | ok: [freenove]
2025-11-02 10:30:58,233 p=4090 u=andysilv n=ansible | TASK [Run server] ****************************************************************************************************************************************************************************************************************************
2025-11-02 10:30:58,993 p=4090 u=andysilv n=ansible | changed: [freenove]
2025-11-02 10:30:59,005 p=4090 u=andysilv n=ansible | TASK [Run web gateway] ***********************************************************************************************************************************************************************************************************************
2025-11-02 10:30:59,886 p=4090 u=andysilv n=ansible | changed: [freenove]
2025-11-02 10:30:59,920 p=4090 u=andysilv n=ansible | PLAY RECAP ***********************************************************************************************************************************************************************************************************************************
2025-11-02 10:30:59,920 p=4090 u=andysilv n=ansible | freenove                   : ok=6    changed=3    unreachable=0    failed=0    skipped=0    rescued=0    ignored=0   
2025-11-04 00:28:25,316 p=10993 u=andysilv n=ansible | PLAY [localhost] *****************************************************************************************************************************************************************************************************************************
2025-11-04 00:28:25,317 p=10993 u=andysilv n=ansible | skipping: no hosts matched
2025-11-04 00:28:25,317 p=10993 u=andysilv n=ansible | PLAY [freenove] ******************************************************************************************************************************************************************************************************************************
2025-11-04 00:28:25,323 p=10993 u=andysilv n=ansible | TASK [Gathering Facts] ***********************************************************************************************************************************************************************************************************************
2025-11-04 00:28:28,381 p=10993 u=andysilv n=ansible | ok: [freenove]
2025-11-04 00:28:28,401 p=10993 u=andysilv n=ansible | TASK [Get async_server PIDs] *****************************************************************************************************************************************************************************************************************
2025-11-04 00:28:29,404 p=10993 u=andysilv n=ansible | ok: [freenove]
2025-11-04 00:28:29,417 p=10993 u=andysilv n=ansible | TASK [Kill async_server if running] **********************************************************************************************************************************************************************************************************
2025-11-04 00:28:30,278 p=10993 u=andysilv n=ansible | changed: [freenove] => (item=14995)
2025-11-04 00:28:31,027 p=10993 u=andysilv n=ansible | changed: [freenove] => (item=15022)
2025-11-04 00:28:31,041 p=10993 u=andysilv n=ansible | TASK [Creates logs dir if not exists] ********************************************************************************************************************************************************************************************************
2025-11-04 00:28:31,874 p=10993 u=andysilv n=ansible | ok: [freenove]
2025-11-04 00:28:31,886 p=10993 u=andysilv n=ansible | TASK [Run server] ****************************************************************************************************************************************************************************************************************************
2025-11-04 00:28:32,635 p=10993 u=andysilv n=ansible | changed: [freenove]
2025-11-04 00:28:32,646 p=10993 u=andysilv n=ansible | TASK [Run web gateway] ***********************************************************************************************************************************************************************************************************************
2025-11-04 00:28:33,497 p=10993 u=andysilv n=ansible | changed: [freenove]
2025-11-04 00:28:33,530 p=10993 u=andysilv n=ansible | PLAY RECAP ***********************************************************************************************************************************************************************************************************************************
2025-11-04 00:28:33,530 p=10993 u=andysilv n=ansible | freenove                   : ok=6    changed=3    unreachable=0    failed=0    skipped=0    rescued=0    ignored=0   
2025-11-04 00:31:47,811 p=11185 u=andysilv n=ansible | PLAY [localhost] *****************************************************************************************************************************************************************************************************************************
2025-11-04 00:31:47,812 p=11185 u=andysilv n=ansible | skipping: no hosts matched
2025-11-04 00:31:47,812 p=11185 u=andysilv n=ansible | PLAY [freenove] ******************************************************************************************************************************************************************************************************************************
2025-11-04 00:31:47,818 p=11185 u=andysilv n=ansible | TASK [Gathering Facts] ***********************************************************************************************************************************************************************************************************************
2025-11-04 00:31:50,374 p=11185 u=andysilv n=ansible | ok: [freenove]
2025-11-04 00:31:50,391 p=11185 u=andysilv n=ansible | TASK [Get async_server PIDs] *****************************************************************************************************************************************************************************************************************
2025-11-04 00:31:51,354 p=11185 u=andysilv n=ansible | ok: [freenove]
2025-11-04 00:31:51,370 p=11185 u=andysilv n=ansible | TASK [Kill async_server if running] **********************************************************************************************************************************************************************************************************
2025-11-04 00:31:52,220 p=11185 u=andysilv n=ansible | changed: [freenove] => (item=22347)
2025-11-04 00:31:52,236 p=11185 u=andysilv n=ansible | TASK [Creates logs dir if not exists] ********************************************************************************************************************************************************************************************************
2025-11-04 00:31:53,098 p=11185 u=andysilv n=ansible | ok: [freenove]
2025-11-04 00:31:53,113 p=11185 u=andysilv n=ansible | TASK [Run server] ****************************************************************************************************************************************************************************************************************************
2025-11-04 00:31:53,941 p=11185 u=andysilv n=ansible | changed: [freenove]
2025-11-04 00:31:53,954 p=11185 u=andysilv n=ansible | TASK [Run web gateway] ***********************************************************************************************************************************************************************************************************************
2025-11-04 00:31:54,839 p=11185 u=andysilv n=ansible | changed: [freenove]
2025-11-04 00:31:54,881 p=11185 u=andysilv n=ansible | PLAY RECAP ***********************************************************************************************************************************************************************************************************************************
2025-11-04 00:31:54,881 p=11185 u=andysilv n=ansible | freenove                   : ok=6    changed=3    unreachable=0    failed=0    skipped=0    rescued=0    ignored=0   
2025-11-04 22:04:42,766 p=15755 u=andysilv n=ansible | PLAY [localhost] *****************************************************************************************************************************************************************************************************************************
2025-11-04 22:04:42,766 p=15755 u=andysilv n=ansible | skipping: no hosts matched
2025-11-04 22:04:42,767 p=15755 u=andysilv n=ansible | PLAY [freenove] ******************************************************************************************************************************************************************************************************************************
2025-11-04 22:04:42,773 p=15755 u=andysilv n=ansible | TASK [Gathering Facts] ***********************************************************************************************************************************************************************************************************************
2025-11-04 22:04:45,313 p=15755 u=andysilv n=ansible | ok: [freenove]
2025-11-04 22:04:45,332 p=15755 u=andysilv n=ansible | TASK [Get async_server PIDs] *****************************************************************************************************************************************************************************************************************
2025-11-04 22:04:46,314 p=15755 u=andysilv n=ansible | ok: [freenove]
2025-11-04 22:04:46,326 p=15755 u=andysilv n=ansible | TASK [Kill async_server if running] **********************************************************************************************************************************************************************************************************
2025-11-04 22:04:47,159 p=15755 u=andysilv n=ansible | changed: [freenove] => (item=22690)
2025-11-04 22:04:47,171 p=15755 u=andysilv n=ansible | TASK [Creates logs dir if not exists] ********************************************************************************************************************************************************************************************************
2025-11-04 22:04:48,051 p=15755 u=andysilv n=ansible | ok: [freenove]
2025-11-04 22:04:48,064 p=15755 u=andysilv n=ansible | TASK [Run server] ****************************************************************************************************************************************************************************************************************************
2025-11-04 22:04:48,801 p=15755 u=andysilv n=ansible | changed: [freenove]
2025-11-04 22:04:48,813 p=15755 u=andysilv n=ansible | TASK [Run web gateway] ***********************************************************************************************************************************************************************************************************************
2025-11-04 22:04:49,694 p=15755 u=andysilv n=ansible | changed: [freenove]
2025-11-04 22:04:49,728 p=15755 u=andysilv n=ansible | PLAY RECAP ***********************************************************************************************************************************************************************************************************************************
2025-11-04 22:04:49,729 p=15755 u=andysilv n=ansible | freenove                   : ok=6    changed=3    unreachable=0    failed=0    skipped=0    rescued=0    ignored=0   
2025-11-04 22:06:11,144 p=15844 u=andysilv n=ansible | PLAY [localhost] *****************************************************************************************************************************************************************************************************************************
2025-11-04 22:06:11,145 p=15844 u=andysilv n=ansible | skipping: no hosts matched
2025-11-04 22:06:11,145 p=15844 u=andysilv n=ansible | PLAY [freenove] ******************************************************************************************************************************************************************************************************************************
2025-11-04 22:06:11,152 p=15844 u=andysilv n=ansible | TASK [Gathering Facts] ***********************************************************************************************************************************************************************************************************************
2025-11-04 22:06:13,728 p=15844 u=andysilv n=ansible | ok: [freenove]
2025-11-04 22:06:13,748 p=15844 u=andysilv n=ansible | TASK [Get async_server PIDs] *****************************************************************************************************************************************************************************************************************
2025-11-04 22:06:14,791 p=15844 u=andysilv n=ansible | ok: [freenove]
2025-11-04 22:06:14,804 p=15844 u=andysilv n=ansible | TASK [Kill async_server if running] **********************************************************************************************************************************************************************************************************
2025-11-04 22:06:15,692 p=15844 u=andysilv n=ansible | changed: [freenove] => (item=26122)
2025-11-04 22:06:15,705 p=15844 u=andysilv n=ansible | TASK [Creates logs dir if not exists] ********************************************************************************************************************************************************************************************************
2025-11-04 22:06:16,549 p=15844 u=andysilv n=ansible | ok: [freenove]
2025-11-04 22:06:16,563 p=15844 u=andysilv n=ansible | TASK [Run server] ****************************************************************************************************************************************************************************************************************************
2025-11-04 22:06:17,353 p=15844 u=andysilv n=ansible | changed: [freenove]
2025-11-04 22:06:17,365 p=15844 u=andysilv n=ansible | TASK [Run web gateway] ***********************************************************************************************************************************************************************************************************************
2025-11-04 22:06:18,237 p=15844 u=andysilv n=ansible | changed: [freenove]
2025-11-04 22:06:18,271 p=15844 u=andysilv n=ansible | PLAY RECAP ***********************************************************************************************************************************************************************************************************************************
2025-11-04 22:06:18,271 p=15844 u=andysilv n=ansible | freenove                   : ok=6    changed=3    unreachable=0    failed=0    skipped=0    rescued=0    ignored=0   
2025-11-04 22:11:04,731 p=16013 u=andysilv n=ansible | PLAY [localhost] *****************************************************************************************************************************************************************************************************************************
2025-11-04 22:11:04,732 p=16013 u=andysilv n=ansible | skipping: no hosts matched
2025-11-04 22:11:04,732 p=16013 u=andysilv n=ansible | PLAY [freenove] ******************************************************************************************************************************************************************************************************************************
2025-11-04 22:11:04,738 p=16013 u=andysilv n=ansible | TASK [Gathering Facts] ***********************************************************************************************************************************************************************************************************************
2025-11-04 22:11:07,359 p=16013 u=andysilv n=ansible | ok: [freenove]
2025-11-04 22:11:07,378 p=16013 u=andysilv n=ansible | TASK [Get async_server PIDs] *****************************************************************************************************************************************************************************************************************
2025-11-04 22:11:08,469 p=16013 u=andysilv n=ansible | ok: [freenove]
2025-11-04 22:11:08,482 p=16013 u=andysilv n=ansible | TASK [Kill async_server if running] **********************************************************************************************************************************************************************************************************
2025-11-04 22:11:09,326 p=16013 u=andysilv n=ansible | changed: [freenove] => (item=26497)
2025-11-04 22:11:10,104 p=16013 u=andysilv n=ansible | changed: [freenove] => (item=26524)
2025-11-04 22:11:10,118 p=16013 u=andysilv n=ansible | TASK [Creates logs dir if not exists] ********************************************************************************************************************************************************************************************************
2025-11-04 22:11:10,957 p=16013 u=andysilv n=ansible | ok: [freenove]
2025-11-04 22:11:10,969 p=16013 u=andysilv n=ansible | TASK [Run server] ****************************************************************************************************************************************************************************************************************************
2025-11-04 22:11:11,711 p=16013 u=andysilv n=ansible | changed: [freenove]
2025-11-04 22:11:11,723 p=16013 u=andysilv n=ansible | TASK [Run web gateway] ***********************************************************************************************************************************************************************************************************************
2025-11-04 22:11:12,611 p=16013 u=andysilv n=ansible | changed: [freenove]
2025-11-04 22:11:12,645 p=16013 u=andysilv n=ansible | PLAY RECAP ***********************************************************************************************************************************************************************************************************************************
2025-11-04 22:11:12,646 p=16013 u=andysilv n=ansible | freenove                   : ok=6    changed=3    unreachable=0    failed=0    skipped=0    rescued=0    ignored=0   
2025-11-04 22:13:12,768 p=16123 u=andysilv n=ansible | PLAY [localhost] *****************************************************************************************************************************************************************************************************************************
2025-11-04 22:13:12,768 p=16123 u=andysilv n=ansible | skipping: no hosts matched
2025-11-04 22:13:12,769 p=16123 u=andysilv n=ansible | PLAY [freenove] ******************************************************************************************************************************************************************************************************************************
2025-11-04 22:13:12,775 p=16123 u=andysilv n=ansible | TASK [Gathering Facts] ***********************************************************************************************************************************************************************************************************************
2025-11-04 22:13:15,390 p=16123 u=andysilv n=ansible | ok: [freenove]
2025-11-04 22:13:15,410 p=16123 u=andysilv n=ansible | TASK [Get async_server PIDs] *****************************************************************************************************************************************************************************************************************
2025-11-04 22:13:16,383 p=16123 u=andysilv n=ansible | ok: [freenove]
2025-11-04 22:13:16,396 p=16123 u=andysilv n=ansible | TASK [Kill async_server if running] **********************************************************************************************************************************************************************************************************
2025-11-04 22:13:17,237 p=16123 u=andysilv n=ansible | changed: [freenove] => (item=26923)
2025-11-04 22:13:18,008 p=16123 u=andysilv n=ansible | changed: [freenove] => (item=26950)
2025-11-04 22:13:18,021 p=16123 u=andysilv n=ansible | TASK [Creates logs dir if not exists] ********************************************************************************************************************************************************************************************************
2025-11-04 22:13:18,925 p=16123 u=andysilv n=ansible | ok: [freenove]
2025-11-04 22:13:18,938 p=16123 u=andysilv n=ansible | TASK [Run server] ****************************************************************************************************************************************************************************************************************************
2025-11-04 22:13:19,696 p=16123 u=andysilv n=ansible | changed: [freenove]
2025-11-04 22:13:19,708 p=16123 u=andysilv n=ansible | TASK [Run web gateway] ***********************************************************************************************************************************************************************************************************************
2025-11-04 22:13:20,589 p=16123 u=andysilv n=ansible | changed: [freenove]
2025-11-04 22:13:20,624 p=16123 u=andysilv n=ansible | PLAY RECAP ***********************************************************************************************************************************************************************************************************************************
2025-11-04 22:13:20,624 p=16123 u=andysilv n=ansible | freenove                   : ok=6    changed=3    unreachable=0    failed=0    skipped=0    rescued=0    ignored=0   
2025-11-04 22:18:32,111 p=16304 u=andysilv n=ansible | PLAY [localhost] *****************************************************************************************************************************************************************************************************************************
2025-11-04 22:18:32,112 p=16304 u=andysilv n=ansible | skipping: no hosts matched
2025-11-04 22:18:32,112 p=16304 u=andysilv n=ansible | PLAY [freenove] ******************************************************************************************************************************************************************************************************************************
2025-11-04 22:18:32,121 p=16304 u=andysilv n=ansible | TASK [Gathering Facts] ***********************************************************************************************************************************************************************************************************************
2025-11-04 22:18:35,835 p=16304 u=andysilv n=ansible | ok: [freenove]
2025-11-04 22:18:35,856 p=16304 u=andysilv n=ansible | TASK [Get async_server PIDs] *****************************************************************************************************************************************************************************************************************
2025-11-04 22:18:36,838 p=16304 u=andysilv n=ansible | ok: [freenove]
2025-11-04 22:18:36,855 p=16304 u=andysilv n=ansible | TASK [Kill async_server if running] **********************************************************************************************************************************************************************************************************
2025-11-04 22:18:37,774 p=16304 u=andysilv n=ansible | changed: [freenove] => (item=27214)
2025-11-04 22:18:38,533 p=16304 u=andysilv n=ansible | changed: [freenove] => (item=27239)
2025-11-04 22:18:38,548 p=16304 u=andysilv n=ansible | TASK [Creates logs dir if not exists] ********************************************************************************************************************************************************************************************************
2025-11-04 22:18:39,456 p=16304 u=andysilv n=ansible | ok: [freenove]
2025-11-04 22:18:39,473 p=16304 u=andysilv n=ansible | TASK [Run server] ****************************************************************************************************************************************************************************************************************************
2025-11-04 22:18:40,237 p=16304 u=andysilv n=ansible | changed: [freenove]
2025-11-04 22:18:40,253 p=16304 u=andysilv n=ansible | TASK [Run web gateway] ***********************************************************************************************************************************************************************************************************************
2025-11-04 22:18:41,114 p=16304 u=andysilv n=ansible | changed: [freenove]
2025-11-04 22:18:41,152 p=16304 u=andysilv n=ansible | PLAY RECAP ***********************************************************************************************************************************************************************************************************************************
2025-11-04 22:18:41,152 p=16304 u=andysilv n=ansible | freenove                   : ok=6    changed=3    unreachable=0    failed=0    skipped=0    rescued=0    ignored=0   
2025-11-04 23:16:30,413 p=17107 u=andysilv n=ansible | PLAY [localhost] *****************************************************************************************************************************************************************************************************************************
2025-11-04 23:16:30,413 p=17107 u=andysilv n=ansible | skipping: no hosts matched
2025-11-04 23:16:30,414 p=17107 u=andysilv n=ansible | PLAY [freenove] ******************************************************************************************************************************************************************************************************************************
2025-11-04 23:16:30,420 p=17107 u=andysilv n=ansible | TASK [Gathering Facts] ***********************************************************************************************************************************************************************************************************************
2025-11-04 23:16:33,117 p=17107 u=andysilv n=ansible | ok: [freenove]
2025-11-04 23:16:33,134 p=17107 u=andysilv n=ansible | TASK [Get async_server PIDs] *****************************************************************************************************************************************************************************************************************
2025-11-04 23:16:34,238 p=17107 u=andysilv n=ansible | ok: [freenove]
2025-11-04 23:16:34,253 p=17107 u=andysilv n=ansible | TASK [Kill async_server if running] **********************************************************************************************************************************************************************************************************
2025-11-04 23:16:34,280 p=17107 u=andysilv n=ansible | skipping: [freenove]
2025-11-04 23:16:34,288 p=17107 u=andysilv n=ansible | TASK [Creates logs dir if not exists] ********************************************************************************************************************************************************************************************************
2025-11-04 23:16:35,183 p=17107 u=andysilv n=ansible | ok: [freenove]
2025-11-04 23:16:35,197 p=17107 u=andysilv n=ansible | TASK [Run server] ****************************************************************************************************************************************************************************************************************************
2025-11-04 23:16:36,261 p=17107 u=andysilv n=ansible | changed: [freenove]
2025-11-04 23:16:36,277 p=17107 u=andysilv n=ansible | TASK [Run web gateway] ***********************************************************************************************************************************************************************************************************************
2025-11-04 23:16:37,309 p=17107 u=andysilv n=ansible | changed: [freenove]
2025-11-04 23:16:37,340 p=17107 u=andysilv n=ansible | PLAY RECAP ***********************************************************************************************************************************************************************************************************************************
2025-11-04 23:16:37,340 p=17107 u=andysilv n=ansible | freenove                   : ok=5    changed=2    unreachable=0    failed=0    skipped=1    rescued=0    ignored=0   
2025-11-04 23:21:58,169 p=17331 u=andysilv n=ansible | PLAY [localhost] *****************************************************************************************************************************************************************************************************************************
2025-11-04 23:21:58,170 p=17331 u=andysilv n=ansible | skipping: no hosts matched
2025-11-04 23:21:58,171 p=17331 u=andysilv n=ansible | PLAY [freenove] ******************************************************************************************************************************************************************************************************************************
2025-11-04 23:21:58,180 p=17331 u=andysilv n=ansible | TASK [Gathering Facts] ***********************************************************************************************************************************************************************************************************************
2025-11-04 23:22:00,754 p=17331 u=andysilv n=ansible | ok: [freenove]
2025-11-04 23:22:00,767 p=17331 u=andysilv n=ansible | TASK [Get async_server PIDs] *****************************************************************************************************************************************************************************************************************
2025-11-04 23:22:01,763 p=17331 u=andysilv n=ansible | ok: [freenove]
2025-11-04 23:22:01,777 p=17331 u=andysilv n=ansible | TASK [Kill async_server if running] **********************************************************************************************************************************************************************************************************
2025-11-04 23:22:02,667 p=17331 u=andysilv n=ansible | changed: [freenove] => (item=2466)
2025-11-04 23:22:03,447 p=17331 u=andysilv n=ansible | changed: [freenove] => (item=2489)
2025-11-04 23:22:03,463 p=17331 u=andysilv n=ansible | TASK [Creates logs dir if not exists] ********************************************************************************************************************************************************************************************************
2025-11-04 23:22:04,310 p=17331 u=andysilv n=ansible | ok: [freenove]
2025-11-04 23:22:04,329 p=17331 u=andysilv n=ansible | TASK [Run server] ****************************************************************************************************************************************************************************************************************************
2025-11-04 23:22:05,106 p=17331 u=andysilv n=ansible | changed: [freenove]
2025-11-04 23:22:05,119 p=17331 u=andysilv n=ansible | TASK [Run web gateway] ***********************************************************************************************************************************************************************************************************************
2025-11-04 23:22:06,015 p=17331 u=andysilv n=ansible | changed: [freenove]
2025-11-04 23:22:06,056 p=17331 u=andysilv n=ansible | PLAY RECAP ***********************************************************************************************************************************************************************************************************************************
2025-11-04 23:22:06,057 p=17331 u=andysilv n=ansible | freenove                   : ok=6    changed=3    unreachable=0    failed=0    skipped=0    rescued=0    ignored=0   
2025-11-04 23:33:37,268 p=17702 u=andysilv n=ansible | PLAY [localhost] *****************************************************************************************************************************************************************************************************************************
2025-11-04 23:33:37,269 p=17702 u=andysilv n=ansible | skipping: no hosts matched
2025-11-04 23:33:37,270 p=17702 u=andysilv n=ansible | PLAY [freenove] ******************************************************************************************************************************************************************************************************************************
2025-11-04 23:33:37,276 p=17702 u=andysilv n=ansible | TASK [Gathering Facts] ***********************************************************************************************************************************************************************************************************************
2025-11-04 23:33:42,200 p=17702 u=andysilv n=ansible | ok: [freenove]
2025-11-04 23:33:42,224 p=17702 u=andysilv n=ansible | TASK [Get async_server PIDs] *****************************************************************************************************************************************************************************************************************
2025-11-04 23:33:43,388 p=17702 u=andysilv n=ansible | ok: [freenove]
2025-11-04 23:33:43,405 p=17702 u=andysilv n=ansible | TASK [Kill async_server if running] **********************************************************************************************************************************************************************************************************
2025-11-04 23:33:44,490 p=17702 u=andysilv n=ansible | changed: [freenove] => (item=4101)
2025-11-04 23:33:45,420 p=17702 u=andysilv n=ansible | changed: [freenove] => (item=4128)
2025-11-04 23:33:45,433 p=17702 u=andysilv n=ansible | TASK [Creates logs dir if not exists] ********************************************************************************************************************************************************************************************************
2025-11-04 23:33:46,304 p=17702 u=andysilv n=ansible | ok: [freenove]
2025-11-04 23:33:46,318 p=17702 u=andysilv n=ansible | TASK [Run server] ****************************************************************************************************************************************************************************************************************************
2025-11-04 23:33:47,069 p=17702 u=andysilv n=ansible | changed: [freenove]
2025-11-04 23:33:47,081 p=17702 u=andysilv n=ansible | TASK [Run web gateway] ***********************************************************************************************************************************************************************************************************************
2025-11-04 23:33:48,090 p=17702 u=andysilv n=ansible | changed: [freenove]
2025-11-04 23:33:48,129 p=17702 u=andysilv n=ansible | PLAY RECAP ***********************************************************************************************************************************************************************************************************************************
2025-11-04 23:33:48,129 p=17702 u=andysilv n=ansible | freenove                   : ok=6    changed=3    unreachable=0    failed=0    skipped=0    rescued=0    ignored=0   
2025-11-04 23:38:03,163 p=17882 u=andysilv n=ansible | PLAY [localhost] *****************************************************************************************************************************************************************************************************************************
2025-11-04 23:38:03,163 p=17882 u=andysilv n=ansible | skipping: no hosts matched
2025-11-04 23:38:03,164 p=17882 u=andysilv n=ansible | PLAY [freenove] ******************************************************************************************************************************************************************************************************************************
2025-11-04 23:38:03,170 p=17882 u=andysilv n=ansible | TASK [Gathering Facts] ***********************************************************************************************************************************************************************************************************************
2025-11-04 23:38:07,008 p=17882 u=andysilv n=ansible | ok: [freenove]
2025-11-04 23:38:07,029 p=17882 u=andysilv n=ansible | TASK [Get async_server PIDs] *****************************************************************************************************************************************************************************************************************
2025-11-04 23:38:08,065 p=17882 u=andysilv n=ansible | ok: [freenove]
2025-11-04 23:38:08,082 p=17882 u=andysilv n=ansible | TASK [Kill async_server if running] **********************************************************************************************************************************************************************************************************
2025-11-04 23:38:08,947 p=17882 u=andysilv n=ansible | changed: [freenove] => (item=4734)
2025-11-04 23:38:09,769 p=17882 u=andysilv n=ansible | changed: [freenove] => (item=4759)
2025-11-04 23:38:09,785 p=17882 u=andysilv n=ansible | TASK [Creates logs dir if not exists] ********************************************************************************************************************************************************************************************************
2025-11-04 23:38:10,740 p=17882 u=andysilv n=ansible | ok: [freenove]
2025-11-04 23:38:10,756 p=17882 u=andysilv n=ansible | TASK [Run server] ****************************************************************************************************************************************************************************************************************************
2025-11-04 23:38:11,603 p=17882 u=andysilv n=ansible | changed: [freenove]
2025-11-04 23:38:11,617 p=17882 u=andysilv n=ansible | TASK [Run web gateway] ***********************************************************************************************************************************************************************************************************************
2025-11-04 23:38:12,570 p=17882 u=andysilv n=ansible | changed: [freenove]
2025-11-04 23:38:12,606 p=17882 u=andysilv n=ansible | PLAY RECAP ***********************************************************************************************************************************************************************************************************************************
2025-11-04 23:38:12,606 p=17882 u=andysilv n=ansible | freenove                   : ok=6    changed=3    unreachable=0    failed=0    skipped=0    rescued=0    ignored=0   
2025-11-04 23:38:24,729 p=17951 u=andysilv n=ansible | PLAY [localhost] *****************************************************************************************************************************************************************************************************************************
2025-11-04 23:38:24,730 p=17951 u=andysilv n=ansible | skipping: no hosts matched
2025-11-04 23:38:24,730 p=17951 u=andysilv n=ansible | PLAY [freenove] ******************************************************************************************************************************************************************************************************************************
2025-11-04 23:38:24,736 p=17951 u=andysilv n=ansible | TASK [Gathering Facts] ***********************************************************************************************************************************************************************************************************************
2025-11-04 23:38:27,105 p=17951 u=andysilv n=ansible | ok: [freenove]
2025-11-04 23:38:27,124 p=17951 u=andysilv n=ansible | TASK [Get async_server PIDs] *****************************************************************************************************************************************************************************************************************
2025-11-04 23:38:28,093 p=17951 u=andysilv n=ansible | ok: [freenove]
2025-11-04 23:38:28,110 p=17951 u=andysilv n=ansible | TASK [Kill async_server if running] **********************************************************************************************************************************************************************************************************
2025-11-04 23:38:28,983 p=17951 u=andysilv n=ansible | changed: [freenove] => (item=5062)
2025-11-04 23:38:29,802 p=17951 u=andysilv n=ansible | changed: [freenove] => (item=5089)
2025-11-04 23:38:29,816 p=17951 u=andysilv n=ansible | TASK [Creates logs dir if not exists] ********************************************************************************************************************************************************************************************************
2025-11-04 23:38:30,708 p=17951 u=andysilv n=ansible | ok: [freenove]
2025-11-04 23:38:30,723 p=17951 u=andysilv n=ansible | TASK [Run server] ****************************************************************************************************************************************************************************************************************************
2025-11-04 23:38:31,572 p=17951 u=andysilv n=ansible | changed: [freenove]
2025-11-04 23:38:31,590 p=17951 u=andysilv n=ansible | TASK [Run web gateway] ***********************************************************************************************************************************************************************************************************************
2025-11-04 23:38:32,578 p=17951 u=andysilv n=ansible | changed: [freenove]
2025-11-04 23:38:32,624 p=17951 u=andysilv n=ansible | PLAY RECAP ***********************************************************************************************************************************************************************************************************************************
2025-11-04 23:38:32,624 p=17951 u=andysilv n=ansible | freenove                   : ok=6    changed=3    unreachable=0    failed=0    skipped=0    rescued=0    ignored=0   
2025-11-04 23:42:44,669 p=18132 u=andysilv n=ansible | PLAY [localhost] *****************************************************************************************************************************************************************************************************************************
2025-11-04 23:42:44,670 p=18132 u=andysilv n=ansible | skipping: no hosts matched
2025-11-04 23:42:44,670 p=18132 u=andysilv n=ansible | PLAY [freenove] ******************************************************************************************************************************************************************************************************************************
2025-11-04 23:42:44,677 p=18132 u=andysilv n=ansible | TASK [Gathering Facts] ***********************************************************************************************************************************************************************************************************************
2025-11-04 23:42:47,415 p=18132 u=andysilv n=ansible | ok: [freenove]
2025-11-04 23:42:47,434 p=18132 u=andysilv n=ansible | TASK [Get async_server PIDs] *****************************************************************************************************************************************************************************************************************
2025-11-04 23:42:48,453 p=18132 u=andysilv n=ansible | ok: [freenove]
2025-11-04 23:42:48,467 p=18132 u=andysilv n=ansible | TASK [Kill async_server if running] **********************************************************************************************************************************************************************************************************
2025-11-04 23:42:49,378 p=18132 u=andysilv n=ansible | changed: [freenove] => (item=5334)
2025-11-04 23:42:50,167 p=18132 u=andysilv n=ansible | changed: [freenove] => (item=5361)
2025-11-04 23:42:50,183 p=18132 u=andysilv n=ansible | TASK [Creates logs dir if not exists] ********************************************************************************************************************************************************************************************************
2025-11-04 23:42:51,068 p=18132 u=andysilv n=ansible | ok: [freenove]
2025-11-04 23:42:51,082 p=18132 u=andysilv n=ansible | TASK [Run server] ****************************************************************************************************************************************************************************************************************************
2025-11-04 23:42:51,883 p=18132 u=andysilv n=ansible | changed: [freenove]
2025-11-04 23:42:51,899 p=18132 u=andysilv n=ansible | TASK [Run web gateway] ***********************************************************************************************************************************************************************************************************************
2025-11-04 23:42:52,805 p=18132 u=andysilv n=ansible | changed: [freenove]
2025-11-04 23:42:52,843 p=18132 u=andysilv n=ansible | PLAY RECAP ***********************************************************************************************************************************************************************************************************************************
2025-11-04 23:42:52,843 p=18132 u=andysilv n=ansible | freenove                   : ok=6    changed=3    unreachable=0    failed=0    skipped=0    rescued=0    ignored=0   
2025-11-04 23:43:09,682 p=18206 u=andysilv n=ansible | PLAY [localhost] *****************************************************************************************************************************************************************************************************************************
2025-11-04 23:43:09,682 p=18206 u=andysilv n=ansible | skipping: no hosts matched
2025-11-04 23:43:09,682 p=18206 u=andysilv n=ansible | PLAY [freenove] ******************************************************************************************************************************************************************************************************************************
2025-11-04 23:43:09,688 p=18206 u=andysilv n=ansible | TASK [Gathering Facts] ***********************************************************************************************************************************************************************************************************************
2025-11-04 23:43:11,918 p=18206 u=andysilv n=ansible | ok: [freenove]
2025-11-04 23:43:11,937 p=18206 u=andysilv n=ansible | TASK [Get async_server PIDs] *****************************************************************************************************************************************************************************************************************
2025-11-04 23:43:12,874 p=18206 u=andysilv n=ansible | ok: [freenove]
2025-11-04 23:43:12,887 p=18206 u=andysilv n=ansible | TASK [Kill async_server if running] **********************************************************************************************************************************************************************************************************
2025-11-04 23:43:13,831 p=18206 u=andysilv n=ansible | changed: [freenove] => (item=5361)
2025-11-04 23:43:14,642 p=18206 u=andysilv n=ansible | changed: [freenove] => (item=5694)
2025-11-04 23:43:15,417 p=18206 u=andysilv n=ansible | changed: [freenove] => (item=5721)
2025-11-04 23:43:15,430 p=18206 u=andysilv n=ansible | TASK [Creates logs dir if not exists] ********************************************************************************************************************************************************************************************************
2025-11-04 23:43:16,296 p=18206 u=andysilv n=ansible | ok: [freenove]
2025-11-04 23:43:16,309 p=18206 u=andysilv n=ansible | TASK [Run server] ****************************************************************************************************************************************************************************************************************************
2025-11-04 23:43:17,101 p=18206 u=andysilv n=ansible | changed: [freenove]
2025-11-04 23:43:17,117 p=18206 u=andysilv n=ansible | TASK [Run web gateway] ***********************************************************************************************************************************************************************************************************************
2025-11-04 23:43:17,987 p=18206 u=andysilv n=ansible | changed: [freenove]
2025-11-04 23:43:18,026 p=18206 u=andysilv n=ansible | PLAY RECAP ***********************************************************************************************************************************************************************************************************************************
2025-11-04 23:43:18,026 p=18206 u=andysilv n=ansible | freenove                   : ok=6    changed=3    unreachable=0    failed=0    skipped=0    rescued=0    ignored=0   
